{"epoch": 199, "train/loss": 0.003652166886837222, "validation/loss": 0.4006579564167903, "validation/accuracy": 94.22, "lr": 0.0005002832127337811, "sparsity": 0.0, "decayed_weights_hist": {"_type": "histogram", "values": [0.0, 0.0, 0.0, 0.0, 0.0, 0.0, 0.0, 0.0, 0.0, 0.0, 0.0, 0.0, 0.0, 0.0, 0.0, 0.0, 0.0, 0.0, 1.0, 0.0, 2.0, 2.0, 0.0, 3.0, 6.0, 12.0, 19.0, 27.0, 53.0, 108.0, 161.0, 320.0, 611.0, 1116.0, 2011.0, 3780.0, 6642.0, 12390.0, 22101.0, 40552.0, 73587.0, 133644.0, 242913.0, 438717.0, 782681.0, 1347333.0, 2081336.0, 2584531.0, 2269705.0, 1025068.0], "bins": [-13.0, -12.739999771118164, -12.479999542236328, -12.220000267028809, -11.960000038146973, -11.699999809265137, -11.440000534057617, -11.180000305175781, -10.920000076293945, -10.65999984741211, -10.399999618530273, -10.140000343322754, -9.880000114440918, -9.619999885559082, -9.360000610351562, -9.100000381469727, -8.84000015258789, -8.579999923706055, -8.319999694824219, -8.0600004196167, -7.800000190734863, -7.539999961853027, -7.28000020980835, -7.020000457763672, -6.760000228881836, -6.5, -6.239999771118164, -5.979999542236328, -5.71999979019165, -5.460000038146973, -5.199999809265137, -4.939999580383301, -4.679999828338623, -4.420000076293945, -4.159999847412109, -3.8999998569488525, -3.6399998664855957, -3.379999876022339, -3.119999885559082, -2.859999895095825, -2.5999999046325684, -2.3399999141693115, -2.0799999237060547, -1.8199999332427979, -1.559999942779541, -1.2999999523162842, -1.0399999618530273, -0.7799999713897705, -0.5199999809265137, -0.25999999046325684, 0.0]}, "validation/best_accuracy": 94.33, "validation/best_val_loss": 0.28597282331723434, "_timestamp": 1704366483.9801311, "_runtime": 4015.469071149826, "_step": 199, "_wandb": {"runtime": 4015}}