{"epoch": 99, "train/loss": 0.011256003428250552, "validation/loss": 0.3183363905319801, "validation/accuracy": 93.45, "lr": 0.00010000001679138734, "sparsity": 0.9108046452233165, "decayed_weights_hist": {"_type": "histogram", "values": [11429037.0, 15.0, 7.0, 9.0, 3.0, 4.0, 12.0, 10.0, 13.0, 6.0, 7.0, 9.0, 8.0, 11.0, 9.0, 13.0, 15.0, 13.0, 13.0, 21.0, 23.0, 18.0, 20.0, 24.0, 27.0, 20.0, 29.0, 50.0, 56.0, 96.0, 114.0, 134.0, 198.0, 294.0, 536.0, 898.0, 1653.0, 3080.0, 5599.0, 11423.0, 23967.0, 50510.0, 104529.0, 196873.0, 306869.0, 298962.0, 107014.0, 5961.0, 76.0, 0.0], "bins": [-13.0, -12.739999771118164, -12.479999542236328, -12.220000267028809, -11.960000038146973, -11.699999809265137, -11.440000534057617, -11.180000305175781, -10.920000076293945, -10.65999984741211, -10.399999618530273, -10.140000343322754, -9.880000114440918, -9.619999885559082, -9.360000610351562, -9.100000381469727, -8.84000015258789, -8.579999923706055, -8.319999694824219, -8.0600004196167, -7.800000190734863, -7.539999961853027, -7.28000020980835, -7.020000457763672, -6.760000228881836, -6.5, -6.239999771118164, -5.979999542236328, -5.71999979019165, -5.460000038146973, -5.199999809265137, -4.939999580383301, -4.679999828338623, -4.420000076293945, -4.159999847412109, -3.8999998569488525, -3.6399998664855957, -3.379999876022339, -3.119999885559082, -2.859999895095825, -2.5999999046325684, -2.3399999141693115, -2.0799999237060547, -1.8199999332427979, -1.559999942779541, -1.2999999523162842, -1.0399999618530273, -0.7799999713897705, -0.5199999809265137, -0.25999999046325684, 0.0]}, "_timestamp": 1703111189.1079254, "_runtime": 1741.2880764007568, "_step": 99, "_wandb": {"runtime": 1741}}