{"epoch": 24, "train/loss": 0.336459086894989, "validation/loss": 0.39903674675868106, "validation/accuracy": 86.43, "lr": 0.0019442060452932995, "sparsity": 0.005072086327632901, "decayed_weights_hist": {"_type": "histogram", "values": [63641.0, 43.0, 37.0, 37.0, 46.0, 43.0, 49.0, 58.0, 68.0, 92.0, 96.0, 117.0, 142.0, 161.0, 224.0, 310.0, 377.0, 531.0, 699.0, 930.0, 1229.0, 1601.0, 2307.0, 3077.0, 4223.0, 5766.0, 8021.0, 11051.0, 15375.0, 21277.0, 29897.0, 42742.0, 60926.0, 86985.0, 124632.0, 177856.0, 253797.0, 379024.0, 588435.0, 917990.0, 1380384.0, 1880095.0, 2169306.0, 1921650.0, 1256823.0, 692701.0, 341303.0, 95287.0, 6784.0, 43.0], "bins": [-13.0, -12.739999771118164, -12.479999542236328, -12.220000267028809, -11.960000038146973, -11.699999809265137, -11.440000534057617, -11.180000305175781, -10.920000076293945, -10.65999984741211, -10.399999618530273, -10.140000343322754, -9.880000114440918, -9.619999885559082, -9.360000610351562, -9.100000381469727, -8.84000015258789, -8.579999923706055, -8.319999694824219, -8.0600004196167, -7.800000190734863, -7.539999961853027, -7.28000020980835, -7.020000457763672, -6.760000228881836, -6.5, -6.239999771118164, -5.979999542236328, -5.71999979019165, -5.460000038146973, -5.199999809265137, -4.939999580383301, -4.679999828338623, -4.420000076293945, -4.159999847412109, -3.8999998569488525, -3.6399998664855957, -3.379999876022339, -3.119999885559082, -2.859999895095825, -2.5999999046325684, -2.3399999141693115, -2.0799999237060547, -1.8199999332427979, -1.559999942779541, -1.2999999523162842, -1.0399999618530273, -0.7799999713897705, -0.5199999809265137, -0.25999999046325684, 0.0]}, "_timestamp": 1702503676.3727777, "_runtime": 1369.9506316184998, "_step": 24}