{"epoch": 100, "train/loss": 0.014333968334831297, "validation/loss": 0.3590396451950073, "validation/accuracy": 93.46, "lr": 6.473362223965771e-05, "sparsity": 0.8000003045407382, "decayed_weights_hist": {"_type": "histogram", "values": [0.0, 0.0, 0.0, 0.0, 0.0, 0.0, 0.0, 0.0, 0.0, 0.0, 0.0, 0.0, 0.0, 0.0, 0.0, 1.0, 2.0, 1.0, 10.0, 14.0, 21.0, 53.0, 92.0, 152.0, 277.0, 537.0, 878.0, 1664.0, 3051.0, 5483.0, 10080.0, 18131.0, 33206.0, 61184.0, 110511.0, 200372.0, 357560.0, 612023.0, 935753.0, 1188339.0, 1263375.0, 1155631.0, 955150.0, 718603.0, 585297.0, 556004.0, 828035.0, 877686.0, 608267.0, 76607.0], "bins": [-13.0, -12.739999771118164, -12.479999542236328, -12.220000267028809, -11.960000038146973, -11.699999809265137, -11.440000534057617, -11.180000305175781, -10.920000076293945, -10.65999984741211, -10.399999618530273, -10.140000343322754, -9.880000114440918, -9.619999885559082, -9.360000610351562, -9.100000381469727, -8.84000015258789, -8.579999923706055, -8.319999694824219, -8.0600004196167, -7.800000190734863, -7.539999961853027, -7.28000020980835, -7.020000457763672, -6.760000228881836, -6.5, -6.239999771118164, -5.979999542236328, -5.71999979019165, -5.460000038146973, -5.199999809265137, -4.939999580383301, -4.679999828338623, -4.420000076293945, -4.159999847412109, -3.8999998569488525, -3.6399998664855957, -3.379999876022339, -3.119999885559082, -2.859999895095825, -2.5999999046325684, -2.3399999141693115, -2.0799999237060547, -1.8199999332427979, -1.559999942779541, -1.2999999523162842, -1.0399999618530273, -0.7799999713897705, -0.5199999809265137, -0.25999999046325684, 0.0]}, "validation/best_accuracy": 93.45, "validation/best_val_loss": 0.2824183648824692, "_timestamp": 1706137689.6501305, "_runtime": 1153.762086391449, "_step": 99, "_wandb": {"runtime": 1153}}