{"epoch": 99, "train/loss": 0.008459391041658819, "validation/loss": 0.24691570149018213, "validation/accuracy": 94.23, "lr": 1e-05, "sparsity": 0.05717736156517925, "decayed_weights_hist": {"_type": "histogram", "values": [5.855782508850098, 2.3783979415893555, 2.2528529167175293, 2.2430379390716553, 2.287801742553711, 2.264817714691162, 2.264817714691162, 2.3222193717956543, 2.359835386276245, 2.444044828414917, 2.4578819274902344, 2.487138271331787, 2.527629852294922, 2.596597194671631, 2.67209792137146, 2.7226338386535645, 2.7839035987854004, 2.879669189453125, 2.9912259578704834, 3.074450731277466, 3.1702616214752197, 3.2931413650512695, 3.404149293899536, 3.543447256088257, 3.7152509689331055, 3.8719229698181152, 4.038103103637695, 4.2103986740112305, 4.382467269897461, 4.597343921661377, 4.818905353546143, 5.042496681213379, 5.258673191070557, 5.45537805557251, 5.616299152374268, 5.720431327819824, 5.767313003540039, 5.813398361206055, 5.888458728790283, 5.958545684814453, 6.002006530761719, 6.02382755279541, 6.042695045471191, 6.07555627822876, 6.103967666625977, 6.0356268882751465, 5.660398483276367, 4.622732162475586, 2.571708917617798, -1.0], "bins": [-13.0, -12.739999771118164, -12.479999542236328, -12.220000267028809, -11.960000038146973, -11.699999809265137, -11.440000534057617, -11.180000305175781, -10.920000076293945, -10.65999984741211, -10.399999618530273, -10.140000343322754, -9.880000114440918, -9.619999885559082, -9.360000610351562, -9.100000381469727, -8.84000015258789, -8.579999923706055, -8.319999694824219, -8.0600004196167, -7.800000190734863, -7.539999961853027, -7.28000020980835, -7.020000457763672, -6.760000228881836, -6.5, -6.239999771118164, -5.979999542236328, -5.71999979019165, -5.460000038146973, -5.199999809265137, -4.939999580383301, -4.679999828338623, -4.420000076293945, -4.159999847412109, -3.8999998569488525, -3.6399998664855957, -3.379999876022339, -3.119999885559082, -2.859999895095825, -2.5999999046325684, -2.3399999141693115, -2.0799999237060547, -1.8199999332427979, -1.559999942779541, -1.2999999523162842, -1.0399999618530273, -0.7799999713897705, -0.5199999809265137, -0.25999999046325684, 0.0]}, "_timestamp": 1701820136.829474, "_runtime": 3682.8191599845886, "_step": 99, "_wandb": {"runtime": 3682}}