{"epoch": 199, "train/loss": 0.0025559356178855522, "validation/loss": 0.38605833053588867, "validation/accuracy": 94.48, "lr": 8.00000202242622e-05, "sparsity": 0.0, "decayed_weights_hist": {"_type": "histogram", "values": [0.0, 0.0, 0.0, 0.0, 0.0, 0.0, 0.0, 0.0, 0.0, 0.0, 0.0, 0.0, 0.0, 0.0, 0.0, 0.0, 0.0, 0.0, 0.0, 2.0, 1.0, 0.0, 1.0, 8.0, 7.0, 12.0, 18.0, 39.0, 75.0, 120.0, 220.0, 442.0, 783.0, 1368.0, 2614.0, 4710.0, 8401.0, 15332.0, 28178.0, 51034.0, 91741.0, 168134.0, 304371.0, 549037.0, 974169.0, 1634166.0, 2356796.0, 2537177.0, 1835950.0, 575890.0], "bins": [-13.0, -12.739999771118164, -12.479999542236328, -12.220000267028809, -11.960000038146973, -11.699999809265137, -11.440000534057617, -11.180000305175781, -10.920000076293945, -10.65999984741211, -10.399999618530273, -10.140000343322754, -9.880000114440918, -9.619999885559082, -9.360000610351562, -9.100000381469727, -8.84000015258789, -8.579999923706055, -8.319999694824219, -8.0600004196167, -7.800000190734863, -7.539999961853027, -7.28000020980835, -7.020000457763672, -6.760000228881836, -6.5, -6.239999771118164, -5.979999542236328, -5.71999979019165, -5.460000038146973, -5.199999809265137, -4.939999580383301, -4.679999828338623, -4.420000076293945, -4.159999847412109, -3.8999998569488525, -3.6399998664855957, -3.379999876022339, -3.119999885559082, -2.859999895095825, -2.5999999046325684, -2.3399999141693115, -2.0799999237060547, -1.8199999332427979, -1.559999942779541, -1.2999999523162842, -1.0399999618530273, -0.7799999713897705, -0.5199999809265137, -0.25999999046325684, 0.0]}, "validation/best_accuracy": 94.64, "_timestamp": 1703530051.3562179, "_runtime": 2204.475422859192, "_step": 199, "_wandb": {"runtime": 2204}}