{"epoch": 199, "train/loss": 0.002749651587830158, "validation/loss": 0.37842465134767383, "validation/accuracy": 94.69, "lr": 5.0000020347580875e-05, "sparsity": 0.0, "decayed_weights_hist": {"_type": "histogram", "values": [0.0, 0.0, 0.0, 0.0, 0.0, 0.0, 0.0, 0.0, 0.0, 0.0, 0.0, 0.0, 0.0, 0.0, 0.0, 0.0, 0.0, 0.0, 0.0, 0.0, 2.0, 1.0, 0.0, 2.0, 6.0, 14.0, 20.0, 41.0, 78.0, 147.0, 247.0, 450.0, 702.0, 1407.0, 2606.0, 4621.0, 8635.0, 15301.0, 28205.0, 51166.0, 93448.0, 169163.0, 307109.0, 554640.0, 982997.0, 1647848.0, 2366643.0, 2529896.0, 1812018.0, 564224.0], "bins": [-13.0, -12.739999771118164, -12.479999542236328, -12.220000267028809, -11.960000038146973, -11.699999809265137, -11.440000534057617, -11.180000305175781, -10.920000076293945, -10.65999984741211, -10.399999618530273, -10.140000343322754, -9.880000114440918, -9.619999885559082, -9.360000610351562, -9.100000381469727, -8.84000015258789, -8.579999923706055, -8.319999694824219, -8.0600004196167, -7.800000190734863, -7.539999961853027, -7.28000020980835, -7.020000457763672, -6.760000228881836, -6.5, -6.239999771118164, -5.979999542236328, -5.71999979019165, -5.460000038146973, -5.199999809265137, -4.939999580383301, -4.679999828338623, -4.420000076293945, -4.159999847412109, -3.8999998569488525, -3.6399998664855957, -3.379999876022339, -3.119999885559082, -2.859999895095825, -2.5999999046325684, -2.3399999141693115, -2.0799999237060547, -1.8199999332427979, -1.559999942779541, -1.2999999523162842, -1.0399999618530273, -0.7799999713897705, -0.5199999809265137, -0.25999999046325684, 0.0]}, "validation/best_accuracy": 94.69, "_timestamp": 1704086197.0899613, "_runtime": 2206.848311185837, "_step": 199, "_wandb": {"runtime": 2206}}