{"epoch": 200, "train/loss": 0.0022089076281990856, "validation/loss": 0.3713549765256735, "validation/accuracy": 94.7, "lr": 5.031470474912457e-05, "sparsity": 0.0, "decayed_weights_hist": {"_type": "histogram", "values": [0.0, 0.0, 0.0, 0.0, 0.0, 0.0, 0.0, 0.0, 0.0, 0.0, 0.0, 0.0, 0.0, 0.0, 0.0, 0.0, 0.0, 1.0, 0.0, 1.0, 1.0, 0.0, 0.0, 4.0, 4.0, 9.0, 22.0, 38.0, 69.0, 124.0, 227.0, 391.0, 735.0, 1391.0, 2450.0, 4404.0, 8231.0, 14702.0, 26587.0, 49015.0, 89346.0, 162223.0, 293389.0, 529556.0, 939383.0, 1585903.0, 2332953.0, 2586467.0, 1902276.0, 608389.0], "bins": [-13.0, -12.739999771118164, -12.479999542236328, -12.220000267028809, -11.960000038146973, -11.699999809265137, -11.440000534057617, -11.180000305175781, -10.920000076293945, -10.65999984741211, -10.399999618530273, -10.140000343322754, -9.880000114440918, -9.619999885559082, -9.360000610351562, -9.100000381469727, -8.84000015258789, -8.579999923706055, -8.319999694824219, -8.0600004196167, -7.800000190734863, -7.539999961853027, -7.28000020980835, -7.020000457763672, -6.760000228881836, -6.5, -6.239999771118164, -5.979999542236328, -5.71999979019165, -5.460000038146973, -5.199999809265137, -4.939999580383301, -4.679999828338623, -4.420000076293945, -4.159999847412109, -3.8999998569488525, -3.6399998664855957, -3.379999876022339, -3.119999885559082, -2.859999895095825, -2.5999999046325684, -2.3399999141693115, -2.0799999237060547, -1.8199999332427979, -1.559999942779541, -1.2999999523162842, -1.0399999618530273, -0.7799999713897705, -0.5199999809265137, -0.25999999046325684, 0.0]}, "validation/best_accuracy": 94.66, "validation/best_val_loss": 0.2759566238293281, "_timestamp": 1704411185.441137, "_runtime": 2171.7655639648438, "_step": 199, "_wandb": {"runtime": 2171}}