{"epoch": 99, "train/loss": 0.00635281119775027, "validation/loss": 0.29754340190153855, "validation/accuracy": 94.21, "lr": 1.000001696338245e-05, "sparsity": 0.619800862602684, "decayed_weights_hist": {"_type": "histogram", "values": [6919673.0, 7.0, 5.0, 4.0, 5.0, 5.0, 5.0, 12.0, 9.0, 5.0, 7.0, 2.0, 10.0, 10.0, 11.0, 16.0, 13.0, 23.0, 14.0, 29.0, 16.0, 28.0, 28.0, 38.0, 56.0, 73.0, 93.0, 144.0, 220.0, 322.0, 510.0, 916.0, 1568.0, 2749.0, 4824.0, 8978.0, 16824.0, 31474.0, 58882.0, 104509.0, 181114.0, 300410.0, 479641.0, 726428.0, 977027.0, 938112.0, 382339.0, 26940.0, 224.0, 0.0], "bins": [-13.0, -12.739999771118164, -12.479999542236328, -12.220000267028809, -11.960000038146973, -11.699999809265137, -11.440000534057617, -11.180000305175781, -10.920000076293945, -10.65999984741211, -10.399999618530273, -10.140000343322754, -9.880000114440918, -9.619999885559082, -9.360000610351562, -9.100000381469727, -8.84000015258789, -8.579999923706055, -8.319999694824219, -8.0600004196167, -7.800000190734863, -7.539999961853027, -7.28000020980835, -7.020000457763672, -6.760000228881836, -6.5, -6.239999771118164, -5.979999542236328, -5.71999979019165, -5.460000038146973, -5.199999809265137, -4.939999580383301, -4.679999828338623, -4.420000076293945, -4.159999847412109, -3.8999998569488525, -3.6399998664855957, -3.379999876022339, -3.119999885559082, -2.859999895095825, -2.5999999046325684, -2.3399999141693115, -2.0799999237060547, -1.8199999332427979, -1.559999942779541, -1.2999999523162842, -1.0399999618530273, -0.7799999713897705, -0.5199999809265137, -0.25999999046325684, 0.0]}, "_timestamp": 1703275574.129267, "_runtime": 1230.351271867752, "_step": 99, "_wandb": {"runtime": 1229}}