{"epoch": 50, "train/loss": 0.05452414038777351, "validation/loss": 0.3099138690875127, "validation/accuracy": 92.16, "lr": 0.0005961411526940822, "sparsity": 0.8528044622501492, "decayed_weights_hist": {"_type": "histogram", "values": [10701205.0, 102.0, 66.0, 72.0, 80.0, 65.0, 81.0, 92.0, 86.0, 94.0, 68.0, 83.0, 108.0, 112.0, 102.0, 123.0, 124.0, 139.0, 125.0, 157.0, 168.0, 171.0, 209.0, 226.0, 251.0, 281.0, 377.0, 407.0, 503.0, 637.0, 801.0, 985.0, 1475.0, 1935.0, 2719.0, 3970.0, 6554.0, 11252.0, 18970.0, 32761.0, 55644.0, 95793.0, 168789.0, 300273.0, 471520.0, 478262.0, 180153.0, 10034.0, 83.0, 1.0], "bins": [-13.0, -12.739999771118164, -12.479999542236328, -12.220000267028809, -11.960000038146973, -11.699999809265137, -11.440000534057617, -11.180000305175781, -10.920000076293945, -10.65999984741211, -10.399999618530273, -10.140000343322754, -9.880000114440918, -9.619999885559082, -9.360000610351562, -9.100000381469727, -8.84000015258789, -8.579999923706055, -8.319999694824219, -8.0600004196167, -7.800000190734863, -7.539999961853027, -7.28000020980835, -7.020000457763672, -6.760000228881836, -6.5, -6.239999771118164, -5.979999542236328, -5.71999979019165, -5.460000038146973, -5.199999809265137, -4.939999580383301, -4.679999828338623, -4.420000076293945, -4.159999847412109, -3.8999998569488525, -3.6399998664855957, -3.379999876022339, -3.119999885559082, -2.859999895095825, -2.5999999046325684, -2.3399999141693115, -2.0799999237060547, -1.8199999332427979, -1.559999942779541, -1.2999999523162842, -1.0399999618530273, -0.7799999713897705, -0.5199999809265137, -0.25999999046325684, 0.0]}, "_timestamp": 1703032264.5131774, "_runtime": 1902.6637923717499, "_step": 50}