{"epoch": 26, "train/loss": 0.16258051985502242, "validation/loss": 0.3049658594223169, "validation/accuracy": 90.28, "lr": 0.0008663712908063094, "sparsity": 0.00011842252903344265, "decayed_weights_hist": {"_type": "histogram", "values": [1486.0, 0.0, 0.0, 1.0, 0.0, 0.0, 0.0, 0.0, 2.0, 0.0, 0.0, 1.0, 1.0, 0.0, 1.0, 2.0, 2.0, 2.0, 3.0, 3.0, 3.0, 11.0, 21.0, 39.0, 70.0, 128.0, 170.0, 321.0, 533.0, 942.0, 1589.0, 2683.0, 4921.0, 8374.0, 14425.0, 25108.0, 43699.0, 78602.0, 141300.0, 252507.0, 448745.0, 784388.0, 1335722.0, 2147712.0, 3048667.0, 3019238.0, 1132824.0, 53837.0, 205.0, 0.0], "bins": [-13.0, -12.739999771118164, -12.479999542236328, -12.220000267028809, -11.960000038146973, -11.699999809265137, -11.440000534057617, -11.180000305175781, -10.920000076293945, -10.65999984741211, -10.399999618530273, -10.140000343322754, -9.880000114440918, -9.619999885559082, -9.360000610351562, -9.100000381469727, -8.84000015258789, -8.579999923706055, -8.319999694824219, -8.0600004196167, -7.800000190734863, -7.539999961853027, -7.28000020980835, -7.020000457763672, -6.760000228881836, -6.5, -6.239999771118164, -5.979999542236328, -5.71999979019165, -5.460000038146973, -5.199999809265137, -4.939999580383301, -4.679999828338623, -4.420000076293945, -4.159999847412109, -3.8999998569488525, -3.6399998664855957, -3.379999876022339, -3.119999885559082, -2.859999895095825, -2.5999999046325684, -2.3399999141693115, -2.0799999237060547, -1.8199999332427979, -1.559999942779541, -1.2999999523162842, -1.0399999618530273, -0.7799999713897705, -0.5199999809265137, -0.25999999046325684, 0.0]}, "_timestamp": 1702427632.242788, "_runtime": 1113.4736330509186, "_step": 26, "_wandb": {"runtime": 1134}}