{"epoch": 18, "train/loss": 0.2977242560871422, "validation/loss": 0.3367392547428608, "validation/accuracy": 88.8, "lr": 0.004938572355236113, "sparsity": 0.0, "decayed_weights_hist": {"_type": "histogram", "values": [0.0, 0.0, 0.0, 0.0, 0.0, 0.0, 0.0, 0.0, 0.0, 0.0, 0.0, 1.0, 0.0, 0.0, 0.0, 0.0, 0.0, 0.0, 1.0, 0.0, 2.0, 5.0, 5.0, 8.0, 11.0, 32.0, 59.0, 95.0, 199.0, 355.0, 621.0, 1132.0, 2054.0, 3733.0, 6776.0, 12442.0, 22755.0, 41441.0, 75499.0, 136153.0, 247014.0, 445675.0, 781505.0, 1278918.0, 1788554.0, 1994977.0, 1910817.0, 1610934.0, 726827.0, 75181.0], "bins": [-13.0, -12.739999771118164, -12.479999542236328, -12.220000267028809, -11.960000038146973, -11.699999809265137, -11.440000534057617, -11.180000305175781, -10.920000076293945, -10.65999984741211, -10.399999618530273, -10.140000343322754, -9.880000114440918, -9.619999885559082, -9.360000610351562, -9.100000381469727, -8.84000015258789, -8.579999923706055, -8.319999694824219, -8.0600004196167, -7.800000190734863, -7.539999961853027, -7.28000020980835, -7.020000457763672, -6.760000228881836, -6.5, -6.239999771118164, -5.979999542236328, -5.71999979019165, -5.460000038146973, -5.199999809265137, -4.939999580383301, -4.679999828338623, -4.420000076293945, -4.159999847412109, -3.8999998569488525, -3.6399998664855957, -3.379999876022339, -3.119999885559082, -2.859999895095825, -2.5999999046325684, -2.3399999141693115, -2.0799999237060547, -1.8199999332427979, -1.559999942779541, -1.2999999523162842, -1.0399999618530273, -0.7799999713897705, -0.5199999809265137, -0.25999999046325684, 0.0]}, "validation/best_accuracy": 89.34, "validation/best_val_loss": 0.3253320772200823, "_timestamp": 1704492153.6315765, "_runtime": 264.5654194355011, "_step": 17, "_wandb": {"runtime": 264}}