{"epoch": 199, "train/loss": 0.018525757871568203, "validation/loss": 0.2272717161820485, "validation/accuracy": 94.53, "lr": 1.0000004069516175e-05, "sparsity": 0.028811260946513182, "decayed_weights_hist": {"_type": "histogram", "values": [361532.0, 0.0, 0.0, 0.0, 0.0, 0.0, 0.0, 2.0, 1.0, 2.0, 8.0, 7.0, 11.0, 21.0, 41.0, 81.0, 172.0, 321.0, 517.0, 1000.0, 1818.0, 3247.0, 5602.0, 10371.0, 18745.0, 33091.0, 57579.0, 99215.0, 167297.0, 274318.0, 451867.0, 734811.0, 1152151.0, 1657074.0, 2014949.0, 1885013.0, 1316949.0, 791597.0, 507087.0, 334869.0, 215319.0, 136667.0, 94564.0, 75027.0, 63154.0, 47883.0, 25933.0, 7454.0, 895.0, 25.0], "bins": [-13.0, -12.739999771118164, -12.479999542236328, -12.220000267028809, -11.960000038146973, -11.699999809265137, -11.440000534057617, -11.180000305175781, -10.920000076293945, -10.65999984741211, -10.399999618530273, -10.140000343322754, -9.880000114440918, -9.619999885559082, -9.360000610351562, -9.100000381469727, -8.84000015258789, -8.579999923706055, -8.319999694824219, -8.0600004196167, -7.800000190734863, -7.539999961853027, -7.28000020980835, -7.020000457763672, -6.760000228881836, -6.5, -6.239999771118164, -5.979999542236328, -5.71999979019165, -5.460000038146973, -5.199999809265137, -4.939999580383301, -4.679999828338623, -4.420000076293945, -4.159999847412109, -3.8999998569488525, -3.6399998664855957, -3.379999876022339, -3.119999885559082, -2.859999895095825, -2.5999999046325684, -2.3399999141693115, -2.0799999237060547, -1.8199999332427979, -1.559999942779541, -1.2999999523162842, -1.0399999618530273, -0.7799999713897705, -0.5199999809265137, -0.25999999046325684, 0.0]}, "_timestamp": 1702503505.1830819, "_runtime": 8258.520942926407, "_step": 199, "_wandb": {"runtime": 8257}}