{"epoch": 1, "train/loss": 1.156050319671631, "validation/loss": 2.0338004369002123, "validation/accuracy": 49.16, "lr": 0.002491, "sparsity": 0.0, "decayed_weights_hist": {"_type": "histogram", "values": [0.0, 0.0, 0.0, 0.0, 0.0, 0.0, 0.0, 0.0, 0.0, 0.0, 0.0, 0.0, 0.0, 0.0, 0.0, 1.0, 0.0, 1.0, 4.0, 2.0, 12.0, 13.0, 40.0, 66.0, 86.0, 175.0, 306.0, 560.0, 989.0, 1839.0, 3259.0, 6022.0, 10939.0, 20016.0, 36393.0, 65928.0, 119940.0, 218541.0, 396175.0, 721851.0, 1306663.0, 2307562.0, 3412729.0, 2100404.0, 376322.0, 52733.0, 4542.0, 239.0, 0.0, 0.0], "bins": [-13.0, -12.739999771118164, -12.479999542236328, -12.220000267028809, -11.960000038146973, -11.699999809265137, -11.440000534057617, -11.180000305175781, -10.920000076293945, -10.65999984741211, -10.399999618530273, -10.140000343322754, -9.880000114440918, -9.619999885559082, -9.360000610351562, -9.100000381469727, -8.84000015258789, -8.579999923706055, -8.319999694824219, -8.0600004196167, -7.800000190734863, -7.539999961853027, -7.28000020980835, -7.020000457763672, -6.760000228881836, -6.5, -6.239999771118164, -5.979999542236328, -5.71999979019165, -5.460000038146973, -5.199999809265137, -4.939999580383301, -4.679999828338623, -4.420000076293945, -4.159999847412109, -3.8999998569488525, -3.6399998664855957, -3.379999876022339, -3.119999885559082, -2.859999895095825, -2.5999999046325684, -2.3399999141693115, -2.0799999237060547, -1.8199999332427979, -1.559999942779541, -1.2999999523162842, -1.0399999618530273, -0.7799999713897705, -0.5199999809265137, -0.25999999046325684, 0.0]}, "validation/best_accuracy": 52.23, "validation/best_val_loss": 1.397712991787837, "_timestamp": 1704341528.7675045, "_runtime": 42.24598836898804, "_step": 1, "_wandb": {"runtime": 42}}