{"epoch": 199, "train/loss": 0.0008962970988304732, "validation/loss": 0.4271851067359631, "validation/accuracy": 94.43, "lr": 1.0000008180138572e-05, "sparsity": 0.027165697822683063, "decayed_weights_hist": {"_type": "histogram", "values": [340882.0, 3.0, 3.0, 5.0, 6.0, 5.0, 1.0, 9.0, 5.0, 9.0, 6.0, 9.0, 3.0, 10.0, 4.0, 8.0, 8.0, 14.0, 15.0, 12.0, 22.0, 26.0, 50.0, 55.0, 80.0, 135.0, 212.0, 336.0, 521.0, 830.0, 1449.0, 2441.0, 4478.0, 7891.0, 13208.0, 22146.0, 36975.0, 60878.0, 100051.0, 164021.0, 264309.0, 419698.0, 654789.0, 995664.0, 1470785.0, 2074272.0, 2627405.0, 2391303.0, 857502.0, 35678.0], "bins": [-13.0, -12.739999771118164, -12.479999542236328, -12.220000267028809, -11.960000038146973, -11.699999809265137, -11.440000534057617, -11.180000305175781, -10.920000076293945, -10.65999984741211, -10.399999618530273, -10.140000343322754, -9.880000114440918, -9.619999885559082, -9.360000610351562, -9.100000381469727, -8.84000015258789, -8.579999923706055, -8.319999694824219, -8.0600004196167, -7.800000190734863, -7.539999961853027, -7.28000020980835, -7.020000457763672, -6.760000228881836, -6.5, -6.239999771118164, -5.979999542236328, -5.71999979019165, -5.460000038146973, -5.199999809265137, -4.939999580383301, -4.679999828338623, -4.420000076293945, -4.159999847412109, -3.8999998569488525, -3.6399998664855957, -3.379999876022339, -3.119999885559082, -2.859999895095825, -2.5999999046325684, -2.3399999141693115, -2.0799999237060547, -1.8199999332427979, -1.559999942779541, -1.2999999523162842, -1.0399999618530273, -0.7799999713897705, -0.5199999809265137, -0.25999999046325684, 0.0]}, "_timestamp": 1702519366.590197, "_runtime": 9653.226899147034, "_step": 199, "_wandb": {"runtime": 9652}}