{"epoch": 16, "train/loss": 0.2964861408472061, "validation/loss": 0.47731316089630127, "validation/accuracy": 85.17, "lr": 0.0009559310608756726, "sparsity": 0.5847912480172595, "decayed_weights_hist": {"_type": "histogram", "values": [7338034.0, 583.0, 453.0, 476.0, 428.0, 411.0, 432.0, 415.0, 428.0, 508.0, 522.0, 533.0, 589.0, 648.0, 653.0, 657.0, 746.0, 800.0, 825.0, 964.0, 1021.0, 1084.0, 1156.0, 1313.0, 1473.0, 1760.0, 1956.0, 2415.0, 2860.0, 3545.0, 4275.0, 5755.0, 7602.0, 10878.0, 14792.0, 20928.0, 31455.0, 52407.0, 88287.0, 147993.0, 246112.0, 403145.0, 651557.0, 1024300.0, 1327276.0, 949500.0, 188948.0, 5309.0, 81.0, 0.0], "bins": [-13.0, -12.739999771118164, -12.479999542236328, -12.220000267028809, -11.960000038146973, -11.699999809265137, -11.440000534057617, -11.180000305175781, -10.920000076293945, -10.65999984741211, -10.399999618530273, -10.140000343322754, -9.880000114440918, -9.619999885559082, -9.360000610351562, -9.100000381469727, -8.84000015258789, -8.579999923706055, -8.319999694824219, -8.0600004196167, -7.800000190734863, -7.539999961853027, -7.28000020980835, -7.020000457763672, -6.760000228881836, -6.5, -6.239999771118164, -5.979999542236328, -5.71999979019165, -5.460000038146973, -5.199999809265137, -4.939999580383301, -4.679999828338623, -4.420000076293945, -4.159999847412109, -3.8999998569488525, -3.6399998664855957, -3.379999876022339, -3.119999885559082, -2.859999895095825, -2.5999999046325684, -2.3399999141693115, -2.0799999237060547, -1.8199999332427979, -1.559999942779541, -1.2999999523162842, -1.0399999618530273, -0.7799999713897705, -0.5199999809265137, -0.25999999046325684, 0.0]}, "_timestamp": 1702428514.7902858, "_runtime": 797.8775677680969, "_step": 16, "_wandb": {"runtime": 820}}