{"epoch": 100, "train/loss": 0.016354786725714804, "validation/loss": 0.3714397412538528, "validation/accuracy": 93.21, "lr": 6.473362223965771e-05, "sparsity": 0.8004744923843319, "decayed_weights_hist": {"_type": "histogram", "values": [0.0, 0.0, 0.0, 0.0, 0.0, 0.0, 0.0, 0.0, 0.0, 0.0, 0.0, 0.0, 0.0, 0.0, 0.0, 3.0, 4.0, 5.0, 6.0, 13.0, 19.0, 31.0, 69.0, 157.0, 214.0, 438.0, 845.0, 1518.0, 2764.0, 4992.0, 8906.0, 15965.0, 29591.0, 53269.0, 96600.0, 177518.0, 317779.0, 557111.0, 900447.0, 1238736.0, 1421945.0, 1408964.0, 1332822.0, 983766.0, 562706.0, 479159.0, 508988.0, 584924.0, 404654.0, 69047.0], "bins": [-13.0, -12.739999771118164, -12.479999542236328, -12.220000267028809, -11.960000038146973, -11.699999809265137, -11.440000534057617, -11.180000305175781, -10.920000076293945, -10.65999984741211, -10.399999618530273, -10.140000343322754, -9.880000114440918, -9.619999885559082, -9.360000610351562, -9.100000381469727, -8.84000015258789, -8.579999923706055, -8.319999694824219, -8.0600004196167, -7.800000190734863, -7.539999961853027, -7.28000020980835, -7.020000457763672, -6.760000228881836, -6.5, -6.239999771118164, -5.979999542236328, -5.71999979019165, -5.460000038146973, -5.199999809265137, -4.939999580383301, -4.679999828338623, -4.420000076293945, -4.159999847412109, -3.8999998569488525, -3.6399998664855957, -3.379999876022339, -3.119999885559082, -2.859999895095825, -2.5999999046325684, -2.3399999141693115, -2.0799999237060547, -1.8199999332427979, -1.559999942779541, -1.2999999523162842, -1.0399999618530273, -0.7799999713897705, -0.5199999809265137, -0.25999999046325684, 0.0]}, "validation/best_accuracy": 93.38, "validation/best_val_loss": 0.27625698447227476, "_timestamp": 1706136458.7550728, "_runtime": 1155.8281738758087, "_step": 99, "_wandb": {"runtime": 1155}}