{"epoch": 199, "train/loss": 0.0027218848879565485, "validation/loss": 0.3974149708564465, "validation/accuracy": 94.47, "lr": 5.0000020347580875e-05, "sparsity": 0.0, "decayed_weights_hist": {"_type": "histogram", "values": [0.0, 0.0, 0.0, 0.0, 0.0, 0.0, 0.0, 0.0, 0.0, 0.0, 0.0, 0.0, 0.0, 0.0, 0.0, 0.0, 0.0, 0.0, 0.0, 0.0, 2.0, 2.0, 0.0, 6.0, 9.0, 15.0, 21.0, 47.0, 57.0, 130.0, 236.0, 448.0, 835.0, 1470.0, 2652.0, 4876.0, 8881.0, 16204.0, 28910.0, 52996.0, 95718.0, 174319.0, 316911.0, 570960.0, 1003882.0, 1665103.0, 2362878.0, 2487218.0, 1786511.0, 560432.0], "bins": [-13.0, -12.739999771118164, -12.479999542236328, -12.220000267028809, -11.960000038146973, -11.699999809265137, -11.440000534057617, -11.180000305175781, -10.920000076293945, -10.65999984741211, -10.399999618530273, -10.140000343322754, -9.880000114440918, -9.619999885559082, -9.360000610351562, -9.100000381469727, -8.84000015258789, -8.579999923706055, -8.319999694824219, -8.0600004196167, -7.800000190734863, -7.539999961853027, -7.28000020980835, -7.020000457763672, -6.760000228881836, -6.5, -6.239999771118164, -5.979999542236328, -5.71999979019165, -5.460000038146973, -5.199999809265137, -4.939999580383301, -4.679999828338623, -4.420000076293945, -4.159999847412109, -3.8999998569488525, -3.6399998664855957, -3.379999876022339, -3.119999885559082, -2.859999895095825, -2.5999999046325684, -2.3399999141693115, -2.0799999237060547, -1.8199999332427979, -1.559999942779541, -1.2999999523162842, -1.0399999618530273, -0.7799999713897705, -0.5199999809265137, -0.25999999046325684, 0.0]}, "validation/best_accuracy": 94.46, "_timestamp": 1703749158.7732904, "_runtime": 4152.307026386261, "_step": 199, "_wandb": {"runtime": 4152}}