{"epoch": 100, "train/loss": 0.061577000513672826, "validation/loss": 0.3422102451324463, "validation/accuracy": 92.33, "lr": 6.473362223965771e-05, "sparsity": 0.9499997850300671, "decayed_weights_hist": {"_type": "histogram", "values": [0.0, 0.0, 0.0, 0.0, 0.0, 0.0, 0.0, 0.0, 0.0, 0.0, 0.0, 0.0, 0.0, 1.0, 0.0, 1.0, 3.0, 4.0, 9.0, 12.0, 14.0, 43.0, 68.0, 123.0, 254.0, 454.0, 765.0, 1388.0, 2582.0, 4693.0, 8572.0, 15596.0, 28146.0, 51086.0, 93451.0, 169193.0, 304573.0, 539936.0, 887718.0, 1233872.0, 1414175.0, 1371176.0, 1226858.0, 967328.0, 735262.0, 601121.0, 541432.0, 490553.0, 380700.0, 92745.0], "bins": [-13.0, -12.739999771118164, -12.479999542236328, -12.220000267028809, -11.960000038146973, -11.699999809265137, -11.440000534057617, -11.180000305175781, -10.920000076293945, -10.65999984741211, -10.399999618530273, -10.140000343322754, -9.880000114440918, -9.619999885559082, -9.360000610351562, -9.100000381469727, -8.84000015258789, -8.579999923706055, -8.319999694824219, -8.0600004196167, -7.800000190734863, -7.539999961853027, -7.28000020980835, -7.020000457763672, -6.760000228881836, -6.5, -6.239999771118164, -5.979999542236328, -5.71999979019165, -5.460000038146973, -5.199999809265137, -4.939999580383301, -4.679999828338623, -4.420000076293945, -4.159999847412109, -3.8999998569488525, -3.6399998664855957, -3.379999876022339, -3.119999885559082, -2.859999895095825, -2.5999999046325684, -2.3399999141693115, -2.0799999237060547, -1.8199999332427979, -1.559999942779541, -1.2999999523162842, -1.0399999618530273, -0.7799999713897705, -0.5199999809265137, -0.25999999046325684, 0.0]}, "validation/best_accuracy": 92.77, "validation/best_val_loss": 0.28657611072063444, "_timestamp": 1706140220.7612622, "_runtime": 1144.1049511432648, "_step": 99, "_wandb": {"runtime": 1143}}