{"epoch": 100, "train/loss": 0.015936149219051003, "validation/loss": 0.3327385991811752, "validation/accuracy": 93.71, "lr": 6.473362223965771e-05, "sparsity": 0.8000003045407382, "decayed_weights_hist": {"_type": "histogram", "values": [0.0, 0.0, 0.0, 0.0, 0.0, 0.0, 0.0, 0.0, 0.0, 0.0, 0.0, 1.0, 1.0, 0.0, 2.0, 2.0, 3.0, 6.0, 6.0, 11.0, 18.0, 35.0, 56.0, 124.0, 191.0, 326.0, 676.0, 1201.0, 2192.0, 3880.0, 7326.0, 13156.0, 23837.0, 43590.0, 79310.0, 143547.0, 258627.0, 455130.0, 736257.0, 1029359.0, 1205899.0, 1234000.0, 1075125.0, 849934.0, 713943.0, 683422.0, 956048.0, 951201.0, 622538.0, 73122.0], "bins": [-13.0, -12.739999771118164, -12.479999542236328, -12.220000267028809, -11.960000038146973, -11.699999809265137, -11.440000534057617, -11.180000305175781, -10.920000076293945, -10.65999984741211, -10.399999618530273, -10.140000343322754, -9.880000114440918, -9.619999885559082, -9.360000610351562, -9.100000381469727, -8.84000015258789, -8.579999923706055, -8.319999694824219, -8.0600004196167, -7.800000190734863, -7.539999961853027, -7.28000020980835, -7.020000457763672, -6.760000228881836, -6.5, -6.239999771118164, -5.979999542236328, -5.71999979019165, -5.460000038146973, -5.199999809265137, -4.939999580383301, -4.679999828338623, -4.420000076293945, -4.159999847412109, -3.8999998569488525, -3.6399998664855957, -3.379999876022339, -3.119999885559082, -2.859999895095825, -2.5999999046325684, -2.3399999141693115, -2.0799999237060547, -1.8199999332427979, -1.559999942779541, -1.2999999523162842, -1.0399999618530273, -0.7799999713897705, -0.5199999809265137, -0.25999999046325684, 0.0]}, "validation/best_accuracy": 93.8, "validation/best_val_loss": 0.26724172592163087, "_timestamp": 1706129602.8364553, "_runtime": 1159.486275434494, "_step": 99, "_wandb": {"runtime": 1158}}