{"epoch": 99, "train/loss": 0.013040312599390745, "validation/loss": 0.2873031795024872, "validation/accuracy": 93.45, "lr": 1e-05, "sparsity": 0.8859872358683512, "decayed_weights_hist": {"_type": "histogram", "values": [7.046011924743652, -1.0, -1.0, 0.3010300099849701, -1.0, 0.3010300099849701, 0.3010300099849701, -1.0, 0.4771212637424469, -1.0, -1.0, 0.3010300099849701, 0.0, -1.0, 0.4771212637424469, 0.0, 0.0, 0.0, 0.0, 0.0, 0.0, -1.0, 0.3010300099849701, 0.6989700198173523, 0.3010300099849701, 0.778151273727417, 1.113943338394165, 0.9542425274848938, 1.0413926839828491, 1.431363821029663, 1.3979400396347046, 1.8061800003051758, 1.9956351518630981, 2.287801742553711, 2.59549617767334, 2.8744819164276123, 3.237543821334839, 3.5609819889068604, 3.8915932178497314, 4.2096757888793945, 4.5302252769470215, 4.843811988830566, 5.149234294891357, 5.415337562561035, 5.595320701599121, 5.568113803863525, 5.095117092132568, 3.807873249053955, 1.9344984292984009, -1.0], "bins": [-13.0, -12.739999771118164, -12.479999542236328, -12.220000267028809, -11.960000038146973, -11.699999809265137, -11.440000534057617, -11.180000305175781, -10.920000076293945, -10.65999984741211, -10.399999618530273, -10.140000343322754, -9.880000114440918, -9.619999885559082, -9.360000610351562, -9.100000381469727, -8.84000015258789, -8.579999923706055, -8.319999694824219, -8.0600004196167, -7.800000190734863, -7.539999961853027, -7.28000020980835, -7.020000457763672, -6.760000228881836, -6.5, -6.239999771118164, -5.979999542236328, -5.71999979019165, -5.460000038146973, -5.199999809265137, -4.939999580383301, -4.679999828338623, -4.420000076293945, -4.159999847412109, -3.8999998569488525, -3.6399998664855957, -3.379999876022339, -3.119999885559082, -2.859999895095825, -2.5999999046325684, -2.3399999141693115, -2.0799999237060547, -1.8199999332427979, -1.559999942779541, -1.2999999523162842, -1.0399999618530273, -0.7799999713897705, -0.5199999809265137, -0.25999999046325684, 0.0]}, "_timestamp": 1701823935.3171499, "_runtime": 3686.5915789604187, "_step": 99, "_wandb": {"runtime": 3686}}