{"epoch": 99, "train/loss": 0.020344534981995822, "validation/loss": 0.19273168765581572, "validation/accuracy": 94.58, "lr": 1.000001696338245e-05, "sparsity": 0.013074691942040221, "decayed_weights_hist": {"_type": "histogram", "values": [164065.0, 0.0, 0.0, 0.0, 0.0, 0.0, 1.0, 0.0, 2.0, 3.0, 5.0, 5.0, 19.0, 28.0, 40.0, 71.0, 142.0, 238.0, 428.0, 790.0, 1371.0, 2454.0, 4505.0, 8210.0, 14728.0, 26049.0, 45996.0, 78979.0, 133913.0, 223778.0, 371238.0, 605593.0, 952021.0, 1370380.0, 1685146.0, 1663147.0, 1357948.0, 1046338.0, 806745.0, 599223.0, 417633.0, 286401.0, 211169.0, 177509.0, 148374.0, 99729.0, 38604.0, 5122.0, 147.0, 1.0], "bins": [-13.0, -12.739999771118164, -12.479999542236328, -12.220000267028809, -11.960000038146973, -11.699999809265137, -11.440000534057617, -11.180000305175781, -10.920000076293945, -10.65999984741211, -10.399999618530273, -10.140000343322754, -9.880000114440918, -9.619999885559082, -9.360000610351562, -9.100000381469727, -8.84000015258789, -8.579999923706055, -8.319999694824219, -8.0600004196167, -7.800000190734863, -7.539999961853027, -7.28000020980835, -7.020000457763672, -6.760000228881836, -6.5, -6.239999771118164, -5.979999542236328, -5.71999979019165, -5.460000038146973, -5.199999809265137, -4.939999580383301, -4.679999828338623, -4.420000076293945, -4.159999847412109, -3.8999998569488525, -3.6399998664855957, -3.379999876022339, -3.119999885559082, -2.859999895095825, -2.5999999046325684, -2.3399999141693115, -2.0799999237060547, -1.8199999332427979, -1.559999942779541, -1.2999999523162842, -1.0399999618530273, -0.7799999713897705, -0.5199999809265137, -0.25999999046325684, 0.0]}, "_timestamp": 1702495098.7077, "_runtime": 5533.406495094299, "_step": 99, "_wandb": {"runtime": 5532}}