{"epoch": 78, "train/loss": 0.12900071334838867, "validation/loss": 0.4976826516481546, "validation/accuracy": 86.52, "lr": 0.0001224420501652199, "sparsity": 0.01800274659917566, "decayed_weights_hist": {"_type": "histogram", "values": [200988.0, 9.0, 13.0, 13.0, 13.0, 9.0, 6.0, 13.0, 10.0, 13.0, 5.0, 11.0, 15.0, 11.0, 13.0, 10.0, 19.0, 23.0, 26.0, 21.0, 33.0, 40.0, 28.0, 39.0, 34.0, 61.0, 58.0, 98.0, 137.0, 208.0, 286.0, 385.0, 623.0, 994.0, 1778.0, 2856.0, 4979.0, 8466.0, 13933.0, 22078.0, 34830.0, 55042.0, 87999.0, 145490.0, 251663.0, 462447.0, 881909.0, 1561351.0, 2750137.0, 4392756.0], "bins": [-13.0, -12.739999771118164, -12.479999542236328, -12.220000267028809, -11.960000038146973, -11.699999809265137, -11.440000534057617, -11.180000305175781, -10.920000076293945, -10.65999984741211, -10.399999618530273, -10.140000343322754, -9.880000114440918, -9.619999885559082, -9.360000610351562, -9.100000381469727, -8.84000015258789, -8.579999923706055, -8.319999694824219, -8.0600004196167, -7.800000190734863, -7.539999961853027, -7.28000020980835, -7.020000457763672, -6.760000228881836, -6.5, -6.239999771118164, -5.979999542236328, -5.71999979019165, -5.460000038146973, -5.199999809265137, -4.939999580383301, -4.679999828338623, -4.420000076293945, -4.159999847412109, -3.8999998569488525, -3.6399998664855957, -3.379999876022339, -3.119999885559082, -2.859999895095825, -2.5999999046325684, -2.3399999141693115, -2.0799999237060547, -1.8199999332427979, -1.559999942779541, -1.2999999523162842, -1.0399999618530273, -0.7799999713897705, -0.5199999809265137, -0.25999999046325684, 0.0]}, "_timestamp": 1703272090.060389, "_runtime": 913.7977459430695, "_step": 78, "_wandb": {"runtime": 913}}