{"epoch": 99, "train/loss": 0.0037050227019935844, "validation/loss": 0.28617604306110966, "validation/accuracy": 94.24, "lr": 1.000001696338245e-05, "sparsity": 2.781255897218808e-05, "decayed_weights_hist": {"_type": "histogram", "values": [349.0, 0.0, 0.0, 0.0, 0.0, 0.0, 0.0, 0.0, 0.0, 0.0, 1.0, 0.0, 0.0, 0.0, 3.0, 4.0, 7.0, 10.0, 11.0, 23.0, 50.0, 87.0, 150.0, 264.0, 502.0, 892.0, 1569.0, 2913.0, 5213.0, 9183.0, 16098.0, 28646.0, 49728.0, 85636.0, 142709.0, 226148.0, 338538.0, 489414.0, 684702.0, 916806.0, 1156277.0, 1370999.0, 1540221.0, 1678510.0, 1737206.0, 1429511.0, 585897.0, 49720.0, 291.0, 0.0], "bins": [-13.0, -12.739999771118164, -12.479999542236328, -12.220000267028809, -11.960000038146973, -11.699999809265137, -11.440000534057617, -11.180000305175781, -10.920000076293945, -10.65999984741211, -10.399999618530273, -10.140000343322754, -9.880000114440918, -9.619999885559082, -9.360000610351562, -9.100000381469727, -8.84000015258789, -8.579999923706055, -8.319999694824219, -8.0600004196167, -7.800000190734863, -7.539999961853027, -7.28000020980835, -7.020000457763672, -6.760000228881836, -6.5, -6.239999771118164, -5.979999542236328, -5.71999979019165, -5.460000038146973, -5.199999809265137, -4.939999580383301, -4.679999828338623, -4.420000076293945, -4.159999847412109, -3.8999998569488525, -3.6399998664855957, -3.379999876022339, -3.119999885559082, -2.859999895095825, -2.5999999046325684, -2.3399999141693115, -2.0799999237060547, -1.8199999332427979, -1.559999942779541, -1.2999999523162842, -1.0399999618530273, -0.7799999713897705, -0.5199999809265137, -0.25999999046325684, 0.0]}, "_timestamp": 1702454828.3180227, "_runtime": 3996.4356558322906, "_step": 99, "_wandb": {"runtime": 3995}}