{"epoch": 2, "train/loss": 1.1565129909515381, "validation/loss": 2.5438254796541653, "validation/accuracy": 43.86, "lr": 0.002366666666666667, "sparsity": 0.0, "decayed_weights_hist": {"_type": "histogram", "values": [0.0, 0.0, 0.0, 0.0, 0.0, 0.0, 0.0, 0.0, 0.0, 0.0, 0.0, 1.0, 0.0, 1.0, 0.0, 0.0, 0.0, 0.0, 2.0, 5.0, 3.0, 14.0, 34.0, 39.0, 86.0, 167.0, 277.0, 526.0, 985.0, 1733.0, 3172.0, 5673.0, 10459.0, 18951.0, 34696.0, 62696.0, 113863.0, 207656.0, 377441.0, 682811.0, 1228343.0, 2132361.0, 3126569.0, 2416767.0, 646923.0, 84284.0, 7521.0, 293.0, 0.0, 0.0], "bins": [-13.0, -12.739999771118164, -12.479999542236328, -12.220000267028809, -11.960000038146973, -11.699999809265137, -11.440000534057617, -11.180000305175781, -10.920000076293945, -10.65999984741211, -10.399999618530273, -10.140000343322754, -9.880000114440918, -9.619999885559082, -9.360000610351562, -9.100000381469727, -8.84000015258789, -8.579999923706055, -8.319999694824219, -8.0600004196167, -7.800000190734863, -7.539999961853027, -7.28000020980835, -7.020000457763672, -6.760000228881836, -6.5, -6.239999771118164, -5.979999542236328, -5.71999979019165, -5.460000038146973, -5.199999809265137, -4.939999580383301, -4.679999828338623, -4.420000076293945, -4.159999847412109, -3.8999998569488525, -3.6399998664855957, -3.379999876022339, -3.119999885559082, -2.859999895095825, -2.5999999046325684, -2.3399999141693115, -2.0799999237060547, -1.8199999332427979, -1.559999942779541, -1.2999999523162842, -1.0399999618530273, -0.7799999713897705, -0.5199999809265137, -0.25999999046325684, 0.0]}, "validation/best_accuracy": 49.74, "validation/best_val_loss": 1.6741338601479163, "_timestamp": 1704410715.7618597, "_runtime": 42.39065170288086, "_step": 1, "_wandb": {"runtime": 43}}