{"epoch": 33, "train/loss": 0.10825037831068039, "validation/loss": 0.2782847503056893, "validation/accuracy": 91.8, "lr": 0.0007801150066456818, "sparsity": 0.774758676243325, "decayed_weights_hist": {"_type": "histogram", "values": [9721856.0, 238.0, 172.0, 154.0, 170.0, 152.0, 190.0, 168.0, 175.0, 193.0, 171.0, 178.0, 230.0, 203.0, 280.0, 266.0, 255.0, 303.0, 345.0, 332.0, 400.0, 421.0, 479.0, 504.0, 549.0, 617.0, 708.0, 839.0, 1057.0, 1287.0, 1658.0, 2186.0, 2909.0, 4019.0, 5617.0, 7899.0, 12713.0, 20765.0, 35051.0, 60556.0, 101916.0, 170466.0, 286597.0, 482138.0, 714581.0, 674971.0, 221448.0, 9813.0, 93.0, 0.0], "bins": [-13.0, -12.739999771118164, -12.479999542236328, -12.220000267028809, -11.960000038146973, -11.699999809265137, -11.440000534057617, -11.180000305175781, -10.920000076293945, -10.65999984741211, -10.399999618530273, -10.140000343322754, -9.880000114440918, -9.619999885559082, -9.360000610351562, -9.100000381469727, -8.84000015258789, -8.579999923706055, -8.319999694824219, -8.0600004196167, -7.800000190734863, -7.539999961853027, -7.28000020980835, -7.020000457763672, -6.760000228881836, -6.5, -6.239999771118164, -5.979999542236328, -5.71999979019165, -5.460000038146973, -5.199999809265137, -4.939999580383301, -4.679999828338623, -4.420000076293945, -4.159999847412109, -3.8999998569488525, -3.6399998664855957, -3.379999876022339, -3.119999885559082, -2.859999895095825, -2.5999999046325684, -2.3399999141693115, -2.0799999237060547, -1.8199999332427979, -1.559999942779541, -1.2999999523162842, -1.0399999618530273, -0.7799999713897705, -0.5199999809265137, -0.25999999046325684, 0.0]}, "_timestamp": 1702430072.8911793, "_runtime": 1394.94895029068, "_step": 33, "_wandb": {"runtime": 1419}}