{"epoch": 25, "train/loss": 0.20854140198230744, "validation/loss": 0.3441363388299942, "validation/accuracy": 89.67, "lr": 0.005614604605470888, "sparsity": 0.0, "decayed_weights_hist": {"_type": "histogram", "values": [0.0, 0.0, 0.0, 0.0, 0.0, 0.0, 0.0, 0.0, 0.0, 0.0, 0.0, 0.0, 0.0, 0.0, 0.0, 0.0, 0.0, 0.0, 0.0, 1.0, 2.0, 7.0, 5.0, 23.0, 25.0, 54.0, 87.0, 142.0, 305.0, 549.0, 946.0, 1648.0, 3168.0, 5538.0, 10331.0, 18640.0, 34188.0, 62199.0, 113599.0, 205454.0, 373004.0, 667468.0, 1151751.0, 1788688.0, 2202381.0, 2043504.0, 1566070.0, 778115.0, 133054.0, 3396.0], "bins": [-13.0, -12.739999771118164, -12.479999542236328, -12.220000267028809, -11.960000038146973, -11.699999809265137, -11.440000534057617, -11.180000305175781, -10.920000076293945, -10.65999984741211, -10.399999618530273, -10.140000343322754, -9.880000114440918, -9.619999885559082, -9.360000610351562, -9.100000381469727, -8.84000015258789, -8.579999923706055, -8.319999694824219, -8.0600004196167, -7.800000190734863, -7.539999961853027, -7.28000020980835, -7.020000457763672, -6.760000228881836, -6.5, -6.239999771118164, -5.979999542236328, -5.71999979019165, -5.460000038146973, -5.199999809265137, -4.939999580383301, -4.679999828338623, -4.420000076293945, -4.159999847412109, -3.8999998569488525, -3.6399998664855957, -3.379999876022339, -3.119999885559082, -2.859999895095825, -2.5999999046325684, -2.3399999141693115, -2.0799999237060547, -1.8199999332427979, -1.559999942779541, -1.2999999523162842, -1.0399999618530273, -0.7799999713897705, -0.5199999809265137, -0.25999999046325684, 0.0]}, "validation/best_accuracy": 90.02, "validation/best_val_loss": 0.30944770336151123, "_timestamp": 1706121207.3464348, "_runtime": 294.5323657989502, "_step": 24, "_wandb": {"runtime": 305}}