{"epoch": 200, "train/loss": 0.004844642201846, "validation/loss": 0.4365487350867345, "validation/accuracy": 93.55, "lr": 0.0006299999999999999, "sparsity": 0.0, "decayed_weights_hist": {"_type": "histogram", "values": [0.0, 0.0, 0.0, 0.0, 0.0, 0.0, 0.0, 0.0, 0.0, 0.0, 0.0, 0.0, 0.0, 0.0, 0.0, 0.0, 0.0, 0.0, 0.0, 1.0, 1.0, 0.0, 0.0, 0.0, 1.0, 5.0, 12.0, 14.0, 33.0, 57.0, 146.0, 197.0, 383.0, 658.0, 1276.0, 2265.0, 4205.0, 7724.0, 13905.0, 25140.0, 46208.0, 84317.0, 152630.0, 278287.0, 500914.0, 888813.0, 1502019.0, 2293875.0, 2797976.0, 2059290.0], "bins": [-13.0, -12.739999771118164, -12.479999542236328, -12.220000267028809, -11.960000038146973, -11.699999809265137, -11.440000534057617, -11.180000305175781, -10.920000076293945, -10.65999984741211, -10.399999618530273, -10.140000343322754, -9.880000114440918, -9.619999885559082, -9.360000610351562, -9.100000381469727, -8.84000015258789, -8.579999923706055, -8.319999694824219, -8.0600004196167, -7.800000190734863, -7.539999961853027, -7.28000020980835, -7.020000457763672, -6.760000228881836, -6.5, -6.239999771118164, -5.979999542236328, -5.71999979019165, -5.460000038146973, -5.199999809265137, -4.939999580383301, -4.679999828338623, -4.420000076293945, -4.159999847412109, -3.8999998569488525, -3.6399998664855957, -3.379999876022339, -3.119999885559082, -2.859999895095825, -2.5999999046325684, -2.3399999141693115, -2.0799999237060547, -1.8199999332427979, -1.559999942779541, -1.2999999523162842, -1.0399999618530273, -0.7799999713897705, -0.5199999809265137, -0.25999999046325684, 0.0]}, "validation/best_accuracy": 93.69, "validation/best_val_loss": 0.30762977783496565, "_timestamp": 1704420156.8934784, "_runtime": 2173.1424703598022, "_step": 199, "_wandb": {"runtime": 2172}}