{"epoch": 100, "train/loss": 0.006258618406485767, "validation/loss": 0.34877658128738404, "validation/accuracy": 94.1, "lr": 6.470036864907971e-05, "sparsity": 0.0, "decayed_weights_hist": {"_type": "histogram", "values": [0.0, 0.0, 0.0, 0.0, 0.0, 0.0, 0.0, 0.0, 0.0, 0.0, 0.0, 0.0, 0.0, 0.0, 0.0, 0.0, 0.0, 0.0, 3.0, 3.0, 0.0, 1.0, 2.0, 5.0, 13.0, 24.0, 39.0, 87.0, 145.0, 270.0, 513.0, 924.0, 1688.0, 3036.0, 5414.0, 9986.0, 18131.0, 32923.0, 60548.0, 109174.0, 198784.0, 359915.0, 642866.0, 1108367.0, 1718469.0, 2133470.0, 2091070.0, 1728245.0, 839404.0, 100108.0], "bins": [-13.0, -12.739999771118164, -12.479999542236328, -12.220000267028809, -11.960000038146973, -11.699999809265137, -11.440000534057617, -11.180000305175781, -10.920000076293945, -10.65999984741211, -10.399999618530273, -10.140000343322754, -9.880000114440918, -9.619999885559082, -9.360000610351562, -9.100000381469727, -8.84000015258789, -8.579999923706055, -8.319999694824219, -8.0600004196167, -7.800000190734863, -7.539999961853027, -7.28000020980835, -7.020000457763672, -6.760000228881836, -6.5, -6.239999771118164, -5.979999542236328, -5.71999979019165, -5.460000038146973, -5.199999809265137, -4.939999580383301, -4.679999828338623, -4.420000076293945, -4.159999847412109, -3.8999998569488525, -3.6399998664855957, -3.379999876022339, -3.119999885559082, -2.859999895095825, -2.5999999046325684, -2.3399999141693115, -2.0799999237060547, -1.8199999332427979, -1.559999942779541, -1.2999999523162842, -1.0399999618530273, -0.7799999713897705, -0.5199999809265137, -0.25999999046325684, 0.0]}, "validation/best_accuracy": 94.16, "validation/best_val_loss": 0.2791976821422577, "_timestamp": 1706074983.4388177, "_runtime": 1172.654245853424, "_step": 99, "_wandb": {"runtime": 1172}}