{"epoch": 99, "train/loss": 0.6084611086845398, "validation/loss": 0.543409370459043, "validation/accuracy": 81.3, "lr": 1.000001696338245e-05, "sparsity": 2.3907643815634454e-07, "decayed_weights_hist": {"_type": "histogram", "values": [3.0, 1.0, 1.0, 1.0, 4.0, 7.0, 6.0, 17.0, 34.0, 56.0, 118.0, 219.0, 413.0, 703.0, 1385.0, 2483.0, 4561.0, 7806.0, 14645.0, 26837.0, 48550.0, 88935.0, 161563.0, 293648.0, 533138.0, 953856.0, 1661092.0, 2623683.0, 3156846.0, 2282928.0, 607395.0, 38336.0, 11648.0, 8847.0, 4465.0, 1945.0, 1358.0, 1310.0, 1308.0, 1435.0, 1482.0, 1408.0, 1349.0, 1123.0, 648.0, 462.0, 174.0, 52.0, 4.0, 0.0], "bins": [-13.0, -12.739999771118164, -12.479999542236328, -12.220000267028809, -11.960000038146973, -11.699999809265137, -11.440000534057617, -11.180000305175781, -10.920000076293945, -10.65999984741211, -10.399999618530273, -10.140000343322754, -9.880000114440918, -9.619999885559082, -9.360000610351562, -9.100000381469727, -8.84000015258789, -8.579999923706055, -8.319999694824219, -8.0600004196167, -7.800000190734863, -7.539999961853027, -7.28000020980835, -7.020000457763672, -6.760000228881836, -6.5, -6.239999771118164, -5.979999542236328, -5.71999979019165, -5.460000038146973, -5.199999809265137, -4.939999580383301, -4.679999828338623, -4.420000076293945, -4.159999847412109, -3.8999998569488525, -3.6399998664855957, -3.379999876022339, -3.119999885559082, -2.859999895095825, -2.5999999046325684, -2.3399999141693115, -2.0799999237060547, -1.8199999332427979, -1.559999942779541, -1.2999999523162842, -1.0399999618530273, -0.7799999713897705, -0.5199999809265137, -0.25999999046325684, 0.0]}, "_timestamp": 1701930497.9430985, "_runtime": 4100.73187661171, "_step": 99, "_wandb": {"runtime": 4100}}