{"epoch": 99, "train/loss": 0.08021344095468522, "validation/loss": 0.29195608542515683, "validation/accuracy": 91.79, "lr": 1e-05, "sparsity": 0.9799929679650323, "decayed_weights_hist": {"_type": "histogram", "values": [12297234, 0, 0, 0, 0, 0, 0, 0, 0, 0, 0, 0, 0, 0, 0, 0, 0, 0, 0, 0, 0, 0, 0, 0, 0, 1, 0, 0, 0, 0, 1, 0, 0, 0, 0, 0, 0, 0, 0, 0, 0, 2, 0, 2, 4, 9, 10, 30, 82, 158, 316, 658, 1313, 2839, 5864, 12082, 23707, 41465, 59779, 59683, 34051, 8074, 847, 77], "bins": [-13.000000953674316, -12.802063941955566, -12.604127883911133, -12.406190872192383, -12.208253860473633, -12.010316848754883, -11.81238079071045, -11.6144437789917, -11.41650676727295, -11.218570709228516, -11.020633697509766, -10.822696685791016, -10.624759674072266, -10.426823616027832, -10.228886604309082, -10.030949592590332, -9.833013534545898, -9.635076522827148, -9.437139511108398, -9.239202499389648, -9.041266441345215, -8.843329429626465, -8.645392417907715, -8.447456359863281, -8.249519348144531, -8.051582336425781, -7.8536458015441895, -7.6557087898254395, -7.457772254943848, -7.259835720062256, -7.061898708343506, -6.863962173461914, -6.666025161743164, -6.468088626861572, -6.270151615142822, -6.0722150802612305, -5.874278545379639, -5.676341533660889, -5.478404998779297, -5.280467987060547, -5.082531452178955, -4.884594440460205, -4.686657905578613, -4.4887213706970215, -4.2907843589782715, -4.09284782409668, -3.894911050796509, -3.696974277496338, -3.499037504196167, -3.301100730895996, -3.103163957595825, -2.9052271842956543, -2.7072904109954834, -2.5093538761138916, -2.3114171028137207, -2.11348032951355, -1.915543556213379, -1.717606782913208, -1.5196701288223267, -1.3217333555221558, -1.1237965822219849, -0.9258598685264587, -0.7279230952262878, -0.5299863815307617, -0.3320496380329132]}, "_timestamp": 1701810982.2797182, "_runtime": 3664.662811279297, "_step": 99, "_wandb": {"runtime": 3664}}