{"epoch": 99, "train/loss": 0.020023120295256377, "validation/loss": 0.20478949982386369, "validation/accuracy": 94.38, "lr": 1.000001696338245e-05, "sparsity": 0.008785979410099608, "decayed_weights_hist": {"_type": "histogram", "values": [110240.0, 95.0, 105.0, 94.0, 131.0, 152.0, 201.0, 254.0, 337.0, 459.0, 568.0, 706.0, 939.0, 1195.0, 1679.0, 2148.0, 2881.0, 3738.0, 4937.0, 6845.0, 8879.0, 12184.0, 16671.0, 23698.0, 33538.0, 48377.0, 69575.0, 99699.0, 148730.0, 236801.0, 382177.0, 614775.0, 956637.0, 1375397.0, 1682124.0, 1631822.0, 1321342.0, 1025054.0, 792375.0, 583308.0, 405736.0, 277234.0, 205913.0, 172851.0, 146164.0, 97239.0, 37197.0, 4957.0, 130.0, 0.0], "bins": [-13.0, -12.739999771118164, -12.479999542236328, -12.220000267028809, -11.960000038146973, -11.699999809265137, -11.440000534057617, -11.180000305175781, -10.920000076293945, -10.65999984741211, -10.399999618530273, -10.140000343322754, -9.880000114440918, -9.619999885559082, -9.360000610351562, -9.100000381469727, -8.84000015258789, -8.579999923706055, -8.319999694824219, -8.0600004196167, -7.800000190734863, -7.539999961853027, -7.28000020980835, -7.020000457763672, -6.760000228881836, -6.5, -6.239999771118164, -5.979999542236328, -5.71999979019165, -5.460000038146973, -5.199999809265137, -4.939999580383301, -4.679999828338623, -4.420000076293945, -4.159999847412109, -3.8999998569488525, -3.6399998664855957, -3.379999876022339, -3.119999885559082, -2.859999895095825, -2.5999999046325684, -2.3399999141693115, -2.0799999237060547, -1.8199999332427979, -1.559999942779541, -1.2999999523162842, -1.0399999618530273, -0.7799999713897705, -0.5199999809265137, -0.25999999046325684, 0.0]}, "_timestamp": 1702495053.2461455, "_runtime": 5541.656980514526, "_step": 99, "_wandb": {"runtime": 5541}}