{"epoch": 199, "train/loss": 0.003241522500576904, "validation/loss": 0.39501887410879133, "validation/accuracy": 93.94, "lr": 5.000000202303267e-05, "sparsity": 0.0, "decayed_weights_hist": {"_type": "histogram", "values": [0.0, 0.0, 0.0, 0.0, 0.0, 0.0, 0.0, 0.0, 0.0, 0.0, 0.0, 0.0, 0.0, 0.0, 0.0, 0.0, 0.0, 0.0, 0.0, 0.0, 0.0, 0.0, 4.0, 0.0, 1.0, 2.0, 3.0, 12.0, 22.0, 40.0, 60.0, 128.0, 211.0, 366.0, 738.0, 1196.0, 2240.0, 4261.0, 7689.0, 13727.0, 25164.0, 46025.0, 82813.0, 151291.0, 273345.0, 497518.0, 895927.0, 1565888.0, 2511049.0, 3089306.0], "bins": [-13.0, -12.739999771118164, -12.479999542236328, -12.220000267028809, -11.960000038146973, -11.699999809265137, -11.440000534057617, -11.180000305175781, -10.920000076293945, -10.65999984741211, -10.399999618530273, -10.140000343322754, -9.880000114440918, -9.619999885559082, -9.360000610351562, -9.100000381469727, -8.84000015258789, -8.579999923706055, -8.319999694824219, -8.0600004196167, -7.800000190734863, -7.539999961853027, -7.28000020980835, -7.020000457763672, -6.760000228881836, -6.5, -6.239999771118164, -5.979999542236328, -5.71999979019165, -5.460000038146973, -5.199999809265137, -4.939999580383301, -4.679999828338623, -4.420000076293945, -4.159999847412109, -3.8999998569488525, -3.6399998664855957, -3.379999876022339, -3.119999885559082, -2.859999895095825, -2.5999999046325684, -2.3399999141693115, -2.0799999237060547, -1.8199999332427979, -1.559999942779541, -1.2999999523162842, -1.0399999618530273, -0.7799999713897705, -0.5199999809265137, -0.25999999046325684, 0.0]}, "_timestamp": 1703383023.5137537, "_runtime": 2850.2635605335236, "_step": 199, "_wandb": {"runtime": 2849}}