{"epoch": 100, "train/loss": 0.017958577893674374, "validation/loss": 0.34543920278549195, "validation/accuracy": 93.37, "lr": 6.473362223965771e-05, "sparsity": 0.800000483682349, "decayed_weights_hist": {"_type": "histogram", "values": [0.0, 0.0, 0.0, 0.0, 0.0, 0.0, 0.0, 0.0, 0.0, 0.0, 0.0, 0.0, 0.0, 0.0, 0.0, 0.0, 1.0, 1.0, 3.0, 6.0, 9.0, 18.0, 25.0, 65.0, 96.0, 155.0, 351.0, 621.0, 1142.0, 2058.0, 3802.0, 6888.0, 12374.0, 22437.0, 41090.0, 73626.0, 134966.0, 244943.0, 446806.0, 790033.0, 1126848.0, 1328398.0, 1321545.0, 1169430.0, 958810.0, 805269.0, 1002150.0, 976927.0, 620172.0, 73018.0], "bins": [-13.0, -12.739999771118164, -12.479999542236328, -12.220000267028809, -11.960000038146973, -11.699999809265137, -11.440000534057617, -11.180000305175781, -10.920000076293945, -10.65999984741211, -10.399999618530273, -10.140000343322754, -9.880000114440918, -9.619999885559082, -9.360000610351562, -9.100000381469727, -8.84000015258789, -8.579999923706055, -8.319999694824219, -8.0600004196167, -7.800000190734863, -7.539999961853027, -7.28000020980835, -7.020000457763672, -6.760000228881836, -6.5, -6.239999771118164, -5.979999542236328, -5.71999979019165, -5.460000038146973, -5.199999809265137, -4.939999580383301, -4.679999828338623, -4.420000076293945, -4.159999847412109, -3.8999998569488525, -3.6399998664855957, -3.379999876022339, -3.119999885559082, -2.859999895095825, -2.5999999046325684, -2.3399999141693115, -2.0799999237060547, -1.8199999332427979, -1.559999942779541, -1.2999999523162842, -1.0399999618530273, -0.7799999713897705, -0.5199999809265137, -0.25999999046325684, 0.0]}, "validation/best_accuracy": 93.87, "validation/best_val_loss": 0.280610573887825, "_timestamp": 1706123897.5077546, "_runtime": 1152.4298386573792, "_step": 99, "_wandb": {"runtime": 1151}}