{"epoch": 99, "train/loss": 0.005456163024064153, "validation/loss": 0.2963409240429218, "validation/accuracy": 94.18, "lr": 1.000001696338245e-05, "sparsity": 0.6734290534730543, "decayed_weights_hist": {"_type": "histogram", "values": [7518399.0, 6.0, 9.0, 6.0, 5.0, 10.0, 7.0, 4.0, 5.0, 12.0, 11.0, 8.0, 17.0, 13.0, 12.0, 13.0, 7.0, 14.0, 15.0, 22.0, 19.0, 19.0, 30.0, 22.0, 50.0, 56.0, 56.0, 105.0, 155.0, 259.0, 397.0, 713.0, 1291.0, 2401.0, 4262.0, 7952.0, 14932.0, 27648.0, 50536.0, 91371.0, 159245.0, 264121.0, 419696.0, 630441.0, 840187.0, 795941.0, 314730.0, 19079.0, 43.0, 0.0], "bins": [-13.0, -12.739999771118164, -12.479999542236328, -12.220000267028809, -11.960000038146973, -11.699999809265137, -11.440000534057617, -11.180000305175781, -10.920000076293945, -10.65999984741211, -10.399999618530273, -10.140000343322754, -9.880000114440918, -9.619999885559082, -9.360000610351562, -9.100000381469727, -8.84000015258789, -8.579999923706055, -8.319999694824219, -8.0600004196167, -7.800000190734863, -7.539999961853027, -7.28000020980835, -7.020000457763672, -6.760000228881836, -6.5, -6.239999771118164, -5.979999542236328, -5.71999979019165, -5.460000038146973, -5.199999809265137, -4.939999580383301, -4.679999828338623, -4.420000076293945, -4.159999847412109, -3.8999998569488525, -3.6399998664855957, -3.379999876022339, -3.119999885559082, -2.859999895095825, -2.5999999046325684, -2.3399999141693115, -2.0799999237060547, -1.8199999332427979, -1.559999942779541, -1.2999999523162842, -1.0399999618530273, -0.7799999713897705, -0.5199999809265137, -0.25999999046325684, 0.0]}, "_timestamp": 1703233151.7687483, "_runtime": 1138.937825202942, "_step": 99, "_wandb": {"runtime": 1137}}