{"epoch": 99, "train/loss": 0.014408348272554576, "validation/loss": 0.33568262366148144, "validation/accuracy": 93.13, "lr": 0.0001000000616850261, "sparsity": 0.9201222509397298, "decayed_weights_hist": {"_type": "histogram", "values": [11545958.0, 10.0, 8.0, 8.0, 7.0, 6.0, 4.0, 6.0, 13.0, 6.0, 8.0, 8.0, 5.0, 14.0, 20.0, 13.0, 9.0, 12.0, 13.0, 11.0, 13.0, 18.0, 21.0, 13.0, 21.0, 32.0, 39.0, 47.0, 52.0, 64.0, 90.0, 150.0, 220.0, 299.0, 548.0, 903.0, 1591.0, 2931.0, 5304.0, 10549.0, 21380.0, 45019.0, 91193.0, 174422.0, 277188.0, 272188.0, 92953.0, 4839.0, 62.0, 0.0], "bins": [-13.0, -12.739999771118164, -12.479999542236328, -12.220000267028809, -11.960000038146973, -11.699999809265137, -11.440000534057617, -11.180000305175781, -10.920000076293945, -10.65999984741211, -10.399999618530273, -10.140000343322754, -9.880000114440918, -9.619999885559082, -9.360000610351562, -9.100000381469727, -8.84000015258789, -8.579999923706055, -8.319999694824219, -8.0600004196167, -7.800000190734863, -7.539999961853027, -7.28000020980835, -7.020000457763672, -6.760000228881836, -6.5, -6.239999771118164, -5.979999542236328, -5.71999979019165, -5.460000038146973, -5.199999809265137, -4.939999580383301, -4.679999828338623, -4.420000076293945, -4.159999847412109, -3.8999998569488525, -3.6399998664855957, -3.379999876022339, -3.119999885559082, -2.859999895095825, -2.5999999046325684, -2.3399999141693115, -2.0799999237060547, -1.8199999332427979, -1.559999942779541, -1.2999999523162842, -1.0399999618530273, -0.7799999713897705, -0.5199999809265137, -0.25999999046325684, 0.0]}, "_timestamp": 1703117267.9406505, "_runtime": 3251.2652504444122, "_step": 99, "_wandb": {"runtime": 3251}}