{"epoch": 7, "train/loss": 0.5629272294044495, "validation/loss": 0.6143130935155429, "validation/accuracy": 79.43, "lr": 0.004997168137427001, "sparsity": 0.0, "decayed_weights_hist": {"_type": "histogram", "values": [0.0, 0.0, 0.0, 0.0, 0.0, 0.0, 0.0, 0.0, 0.0, 0.0, 0.0, 0.0, 0.0, 0.0, 0.0, 0.0, 1.0, 0.0, 4.0, 2.0, 6.0, 11.0, 11.0, 35.0, 56.0, 102.0, 166.0, 326.0, 622.0, 1081.0, 2044.0, 3781.0, 6733.0, 12176.0, 22256.0, 40200.0, 73448.0, 132878.0, 242851.0, 439973.0, 790342.0, 1384984.0, 2213456.0, 2741382.0, 2051510.0, 857285.0, 139832.0, 6714.0, 84.0, 0.0], "bins": [-13.0, -12.739999771118164, -12.479999542236328, -12.220000267028809, -11.960000038146973, -11.699999809265137, -11.440000534057617, -11.180000305175781, -10.920000076293945, -10.65999984741211, -10.399999618530273, -10.140000343322754, -9.880000114440918, -9.619999885559082, -9.360000610351562, -9.100000381469727, -8.84000015258789, -8.579999923706055, -8.319999694824219, -8.0600004196167, -7.800000190734863, -7.539999961853027, -7.28000020980835, -7.020000457763672, -6.760000228881836, -6.5, -6.239999771118164, -5.979999542236328, -5.71999979019165, -5.460000038146973, -5.199999809265137, -4.939999580383301, -4.679999828338623, -4.420000076293945, -4.159999847412109, -3.8999998569488525, -3.6399998664855957, -3.379999876022339, -3.119999885559082, -2.859999895095825, -2.5999999046325684, -2.3399999141693115, -2.0799999237060547, -1.8199999332427979, -1.559999942779541, -1.2999999523162842, -1.0399999618530273, -0.7799999713897705, -0.5199999809265137, -0.25999999046325684, 0.0]}, "validation/best_accuracy": 77.71, "validation/best_val_loss": 0.6574394978009738, "_timestamp": 1704414653.2046027, "_runtime": 95.5154447555542, "_step": 6, "_wandb": {"runtime": 97}}