{"epoch": 100, "train/loss": 0.01514654342830181, "validation/loss": 0.35858714699745176, "validation/accuracy": 93.53, "lr": 6.473362223965771e-05, "sparsity": 0.8000000358283221, "decayed_weights_hist": {"_type": "histogram", "values": [0.0, 0.0, 0.0, 0.0, 0.0, 0.0, 0.0, 0.0, 0.0, 0.0, 0.0, 0.0, 1.0, 0.0, 0.0, 0.0, 2.0, 1.0, 5.0, 10.0, 20.0, 26.0, 52.0, 88.0, 178.0, 324.0, 579.0, 1041.0, 1909.0, 3604.0, 6441.0, 11956.0, 21516.0, 38670.0, 70975.0, 128328.0, 232127.0, 412934.0, 692941.0, 1001097.0, 1208498.0, 1267852.0, 1140906.0, 904220.0, 744566.0, 690089.0, 954606.0, 937133.0, 618452.0, 72930.0], "bins": [-13.0, -12.739999771118164, -12.479999542236328, -12.220000267028809, -11.960000038146973, -11.699999809265137, -11.440000534057617, -11.180000305175781, -10.920000076293945, -10.65999984741211, -10.399999618530273, -10.140000343322754, -9.880000114440918, -9.619999885559082, -9.360000610351562, -9.100000381469727, -8.84000015258789, -8.579999923706055, -8.319999694824219, -8.0600004196167, -7.800000190734863, -7.539999961853027, -7.28000020980835, -7.020000457763672, -6.760000228881836, -6.5, -6.239999771118164, -5.979999542236328, -5.71999979019165, -5.460000038146973, -5.199999809265137, -4.939999580383301, -4.679999828338623, -4.420000076293945, -4.159999847412109, -3.8999998569488525, -3.6399998664855957, -3.379999876022339, -3.119999885559082, -2.859999895095825, -2.5999999046325684, -2.3399999141693115, -2.0799999237060547, -1.8199999332427979, -1.559999942779541, -1.2999999523162842, -1.0399999618530273, -0.7799999713897705, -0.5199999809265137, -0.25999999046325684, 0.0]}, "validation/best_accuracy": 93.71, "validation/best_val_loss": 0.27830839812755587, "_timestamp": 1706131662.4542298, "_runtime": 1152.6495907306671, "_step": 99, "_wandb": {"runtime": 1152}}