{"epoch": 99, "train/loss": 0.008937366615049541, "validation/loss": 0.29388511410126317, "validation/accuracy": 93.63, "lr": 1.0000067853528696e-05, "sparsity": 0.6332803731018155, "decayed_weights_hist": {"_type": "histogram", "values": [7070163.0, 16.0, 7.0, 5.0, 12.0, 8.0, 9.0, 9.0, 9.0, 10.0, 10.0, 19.0, 20.0, 12.0, 17.0, 12.0, 24.0, 25.0, 18.0, 27.0, 30.0, 31.0, 49.0, 68.0, 69.0, 82.0, 116.0, 141.0, 223.0, 359.0, 584.0, 1093.0, 1947.0, 3343.0, 6068.0, 10980.0, 20335.0, 36673.0, 65125.0, 112723.0, 189232.0, 302213.0, 462884.0, 671471.0, 891422.0, 891245.0, 395840.0, 29488.0, 85.0, 1.0], "bins": [-13.0, -12.739999771118164, -12.479999542236328, -12.220000267028809, -11.960000038146973, -11.699999809265137, -11.440000534057617, -11.180000305175781, -10.920000076293945, -10.65999984741211, -10.399999618530273, -10.140000343322754, -9.880000114440918, -9.619999885559082, -9.360000610351562, -9.100000381469727, -8.84000015258789, -8.579999923706055, -8.319999694824219, -8.0600004196167, -7.800000190734863, -7.539999961853027, -7.28000020980835, -7.020000457763672, -6.760000228881836, -6.5, -6.239999771118164, -5.979999542236328, -5.71999979019165, -5.460000038146973, -5.199999809265137, -4.939999580383301, -4.679999828338623, -4.420000076293945, -4.159999847412109, -3.8999998569488525, -3.6399998664855957, -3.379999876022339, -3.119999885559082, -2.859999895095825, -2.5999999046325684, -2.3399999141693115, -2.0799999237060547, -1.8199999332427979, -1.559999942779541, -1.2999999523162842, -1.0399999618530273, -0.7799999713897705, -0.5199999809265137, -0.25999999046325684, 0.0]}, "_timestamp": 1703234678.65161, "_runtime": 1142.0043609142303, "_step": 99, "_wandb": {"runtime": 1141}}