{"epoch": 199, "train/loss": 0.0032976873601728587, "validation/loss": 0.38137070261515105, "validation/accuracy": 94.49, "lr": 5.031792414517027e-05, "sparsity": 0.0, "decayed_weights_hist": {"_type": "histogram", "values": [0.0, 0.0, 0.0, 0.0, 0.0, 0.0, 0.0, 0.0, 0.0, 0.0, 0.0, 0.0, 0.0, 0.0, 0.0, 0.0, 0.0, 0.0, 0.0, 0.0, 1.0, 4.0, 2.0, 0.0, 10.0, 9.0, 20.0, 41.0, 65.0, 111.0, 225.0, 388.0, 774.0, 1346.0, 2524.0, 4506.0, 8405.0, 15061.0, 27552.0, 49884.0, 91373.0, 165974.0, 301874.0, 544155.0, 963007.0, 1615545.0, 2349473.0, 2571426.0, 1847658.0, 579020.0], "bins": [-13.0, -12.739999771118164, -12.479999542236328, -12.220000267028809, -11.960000038146973, -11.699999809265137, -11.440000534057617, -11.180000305175781, -10.920000076293945, -10.65999984741211, -10.399999618530273, -10.140000343322754, -9.880000114440918, -9.619999885559082, -9.360000610351562, -9.100000381469727, -8.84000015258789, -8.579999923706055, -8.319999694824219, -8.0600004196167, -7.800000190734863, -7.539999961853027, -7.28000020980835, -7.020000457763672, -6.760000228881836, -6.5, -6.239999771118164, -5.979999542236328, -5.71999979019165, -5.460000038146973, -5.199999809265137, -4.939999580383301, -4.679999828338623, -4.420000076293945, -4.159999847412109, -3.8999998569488525, -3.6399998664855957, -3.379999876022339, -3.119999885559082, -2.859999895095825, -2.5999999046325684, -2.3399999141693115, -2.0799999237060547, -1.8199999332427979, -1.559999942779541, -1.2999999523162842, -1.0399999618530273, -0.7799999713897705, -0.5199999809265137, -0.25999999046325684, 0.0]}, "validation/best_accuracy": 94.61, "validation/best_val_loss": 0.2797297594638971, "_timestamp": 1704405443.825144, "_runtime": 2191.216474056244, "_step": 199, "_wandb": {"runtime": 2190}}