{"epoch": 0, "train/loss": 1.7863869953155518, "validation/loss": 1.2739099906041071, "validation/accuracy": 54.67, "lr": 0.00024900000000000004, "sparsity": 0.0, "decayed_weights_hist": {"_type": "histogram", "values": [0.0, 0.0, 0.0, 0.0, 0.0, 0.0, 0.0, 0.0, 0.0, 0.0, 0.0, 0.0, 0.0, 0.0, 0.0, 0.0, 0.0, 0.0, 1.0, 0.0, 9.0, 13.0, 11.0, 22.0, 64.0, 104.0, 154.0, 344.0, 632.0, 1156.0, 2145.0, 3951.0, 7018.0, 12801.0, 23062.0, 41550.0, 76419.0, 138407.0, 251860.0, 457009.0, 825008.0, 1461288.0, 2427981.0, 3318346.0, 2653647.0, 767416.0, 74883.0, 2906.0, 81.0, 0.0], "bins": [-13.0, -12.739999771118164, -12.479999542236328, -12.220000267028809, -11.960000038146973, -11.699999809265137, -11.440000534057617, -11.180000305175781, -10.920000076293945, -10.65999984741211, -10.399999618530273, -10.140000343322754, -9.880000114440918, -9.619999885559082, -9.360000610351562, -9.100000381469727, -8.84000015258789, -8.579999923706055, -8.319999694824219, -8.0600004196167, -7.800000190734863, -7.539999961853027, -7.28000020980835, -7.020000457763672, -6.760000228881836, -6.5, -6.239999771118164, -5.979999542236328, -5.71999979019165, -5.460000038146973, -5.199999809265137, -4.939999580383301, -4.679999828338623, -4.420000076293945, -4.159999847412109, -3.8999998569488525, -3.6399998664855957, -3.379999876022339, -3.119999885559082, -2.859999895095825, -2.5999999046325684, -2.3399999141693115, -2.0799999237060547, -1.8199999332427979, -1.559999942779541, -1.2999999523162842, -1.0399999618530273, -0.7799999713897705, -0.5199999809265137, -0.25999999046325684, 0.0]}, "_timestamp": 1702426265.2593138, "_runtime": 87.47616481781006, "_step": 0, "_wandb": {"runtime": 91}}