{"epoch": 1, "train/loss": 1.197878845691681, "validation/loss": 1.4106236879642193, "validation/accuracy": 57.46, "lr": 0.0027500000000000003, "sparsity": 0.0, "decayed_weights_hist": {"_type": "histogram", "values": [0.0, 0.0, 0.0, 0.0, 0.0, 0.0, 0.0, 0.0, 0.0, 0.0, 0.0, 0.0, 0.0, 0.0, 0.0, 0.0, 1.0, 2.0, 1.0, 7.0, 9.0, 19.0, 21.0, 44.0, 80.0, 161.0, 287.0, 525.0, 911.0, 1694.0, 3020.0, 5230.0, 9738.0, 17763.0, 32228.0, 58970.0, 107994.0, 195371.0, 356296.0, 647174.0, 1158724.0, 1996301.0, 2963226.0, 2618094.0, 856992.0, 123585.0, 9501.0, 383.0, 0.0, 0.0], "bins": [-13.0, -12.739999771118164, -12.479999542236328, -12.220000267028809, -11.960000038146973, -11.699999809265137, -11.440000534057617, -11.180000305175781, -10.920000076293945, -10.65999984741211, -10.399999618530273, -10.140000343322754, -9.880000114440918, -9.619999885559082, -9.360000610351562, -9.100000381469727, -8.84000015258789, -8.579999923706055, -8.319999694824219, -8.0600004196167, -7.800000190734863, -7.539999961853027, -7.28000020980835, -7.020000457763672, -6.760000228881836, -6.5, -6.239999771118164, -5.979999542236328, -5.71999979019165, -5.460000038146973, -5.199999809265137, -4.939999580383301, -4.679999828338623, -4.420000076293945, -4.159999847412109, -3.8999998569488525, -3.6399998664855957, -3.379999876022339, -3.119999885559082, -2.859999895095825, -2.5999999046325684, -2.3399999141693115, -2.0799999237060547, -1.8199999332427979, -1.559999942779541, -1.2999999523162842, -1.0399999618530273, -0.7799999713897705, -0.5199999809265137, -0.25999999046325684, 0.0]}, "validation/best_accuracy": 46.61, "validation/best_val_loss": 1.5643688073525062, "_timestamp": 1704357301.7438982, "_runtime": 42.46123814582825, "_step": 1, "_wandb": {"runtime": 45}}